Matiere,ID,Cours,Etat,Pages,Tombabilite,Difficulte,Date_C1,Date_C2,Date_C3,Date_C4,Flashcards,QCM_score_%,Maitrise_1a3,Prochaine_revision
Microbiologie,VIR01,"Virus : définition, structure et classification",⬜,,non indiquée,non indiquée,,,,,,,,
Microbiologie,VIR02,Multiplication des virus dans l'organisme,⬜,,non indiquée,non indiquée,,,,,,,,
Microbiologie,VIR03,Physiopathologie des infections virales,⬜,,non indiquée,non indiquée,,,,,,,,
Microbiologie,VIR04,Virus à ADN (I) : herpesviridae,⬜,,non indiquée,non indiquée,,,,,,,,
Microbiologie,VIR05,"Virus à ADN (II) : adénovirus, papillomavirus, hepadnavirus",⬜,,non indiquée,non indiquée,,,,,,,,
Microbiologie,VIR06,"Virus à ARN (I) : virus des hépatites C, A, D et E",⬜,,non indiquée,non indiquée,,,,,,,,
Microbiologie,VIR07,"Virus à ARN (II) : picornaviridae, rétroviridae",⬜,,non indiquée,non indiquée,,,,,,,,
Microbiologie,VIR08,"Virus à ARN (III) : orthomyxoviridae, paramyxoviridae",⬜,,non indiquée,non indiquée,,,,,,,,
Microbiologie,VIR09,Diagnostic virologique,⬜,,non indiquée,non indiquée,,,,,,,,
Microbiologie,VIR10,Traitement et prévention des infections virales,⬜,,non indiquée,non indiquée,,,,,,,,
Microbiologie,BAC01,Introduction au monde microbien,⬜,,non indiquée,non indiquée,,,,,,,,
Microbiologie,BAC02,Structure bactérienne,⬜,,non indiquée,non indiquée,,,,,,,,
Microbiologie,BAC03,Microbiote humain,⬜,,non indiquée,non indiquée,,,,,,,,
Microbiologie,BAC04,Manifestation du conflit hôte–bactérie,⬜,,non indiquée,non indiquée,,,,,,,,
Microbiologie,BAC05,Physiologie bactérienne,⬜,,non indiquée,non indiquée,,,,,,,,
Microbiologie,BAC06,Génétique bactérienne,⬜,,non indiquée,non indiquée,,,,,,,,
Microbiologie,BAC07,Les antibiotiques : classification,⬜,,non indiquée,non indiquée,,,,,,,,
Microbiologie,BAC08,Les antibiotiques : résistance,⬜,,non indiquée,non indiquée,,,,,,,,
Microbiologie,BAC09,Rôle du laboratoire dans le suivi du traitement antibiotique,⬜,,non indiquée,non indiquée,,,,,,,,
Microbiologie,BAC10,"Antiseptiques, désinfectants et stérilisation",⬜,,non indiquée,non indiquée,,,,,,,,
Microbiologie,BAC11,Les bactéries anaérobies,⬜,,non indiquée,non indiquée,,,,,,,,
Microbiologie,BAC12,Les vaccins bactériens,⬜,,non indiquée,non indiquée,,,,,,,,
Microbiologie,BAC13,Hygiène hospitalière,⬜,,non indiquée,non indiquée,,,,,,,,
Microbiologie,BAC14,Biosécurité et biosûreté dans un laboratoire de microbiologie,⬜,,non indiquée,non indiquée,,,,,,,,
Microbiologie,BAC15,Cocci à Gram (+) et Gram (–),⬜,,non indiquée,non indiquée,,,,,,,,
Microbiologie,BAC16,"Bacilles à Gram (–) I : entérobactéries, Pseudomonas, vibrionaceae",⬜,,non indiquée,non indiquée,,,,,,,,
Microbiologie,BAC17,"Bacilles à Gram (–) II : Haemophilus, Bordetella, Brucella, Campylobacter, Helicobacter, légionelles",⬜,,non indiquée,non indiquée,,,,,,,,
Microbiologie,BAC18,"Bacilles à Gram (+) : Listeria, Corynebacterium, Bacillus, mycobactéries",⬜,,non indiquée,non indiquée,,,,,,,,
Microbiologie,BAC19,Diagnostic bactériologique,⬜,,non indiquée,non indiquée,,,,,,,,
Parasitologie,PAR01,Introduction à la parasitologie,⬜,,non indiquée,"non indiquée (Parasito : élevée, déclarée)",,,,,,,,
Parasitologie,PAR02,"Amibes, amoebose, amibes libres",⬜,,non indiquée,"non indiquée (Parasito : élevée, déclarée)",,,,,,,,
Parasitologie,PAR03,"Flagellés intestinaux et urogénitaux, ciliés",⬜,,non indiquée,"non indiquée (Parasito : élevée, déclarée)",,,,,,,,
Parasitologie,PAR04,"Cryptosporidiose, isosporose, sarcocystose, cyclosporose, blastocytose",⬜,,non indiquée,"non indiquée (Parasito : élevée, déclarée)",,,,,,,,
Parasitologie,PAR05,Flagellés sanguicoles et tissulaires I : leishmanies et leishmanioses,⬜,,non indiquée,"non indiquée (Parasito : élevée, déclarée)",,,,,,,,
Parasitologie,PAR06,Flagellés sanguicoles et tissulaires II : trypanosomes – trypanosomoses,⬜,,non indiquée,"non indiquée (Parasito : élevée, déclarée)",,,,,,,,
Parasitologie,PAR07,Plasmodiums – paludisme,⬜,,non indiquée,"non indiquée (Parasito : élevée, déclarée)",,,,,,,,
Parasitologie,PAR08,Toxoplasme – toxoplasmose,⬜,,non indiquée,"non indiquée (Parasito : élevée, déclarée)",,,,,,,,
Parasitologie,PAR09,"Généralités sur les helminthes, cestodes adultes",⬜,,non indiquée,"non indiquée (Parasito : élevée, déclarée)",,,,,,,,
Parasitologie,PAR10,Cestodes à l'état larvaire,⬜,,non indiquée,"non indiquée (Parasito : élevée, déclarée)",,,,,,,,
Parasitologie,PAR11,Douves – distomatoses,⬜,,non indiquée,"non indiquée (Parasito : élevée, déclarée)",,,,,,,,
Parasitologie,PAR12,Schistosomes – schistosomoses,⬜,,non indiquée,"non indiquée (Parasito : élevée, déclarée)",,,,,,,,
Parasitologie,PAR13,Nématodes à transmission per-os,⬜,,non indiquée,"non indiquée (Parasito : élevée, déclarée)",,,,,,,,
Parasitologie,PAR14,Nématodes à transmission transcutanée,⬜,,non indiquée,"non indiquée (Parasito : élevée, déclarée)",,,,,,,,
Parasitologie,PAR15,Filaires – filarioses,⬜,,non indiquée,"non indiquée (Parasito : élevée, déclarée)",,,,,,,,
Parasitologie,PAR16,Notion d'entomologie médicale,⬜,,non indiquée,"non indiquée (Parasito : élevée, déclarée)",,,,,,,,
Parasitologie,PAR17,Introduction à la mycologie,⬜,,non indiquée,"non indiquée (Parasito : élevée, déclarée)",,,,,,,,
Parasitologie,PAR18,"Candida – candidoses, malasseziose",⬜,,non indiquée,"non indiquée (Parasito : élevée, déclarée)",,,,,,,,
Parasitologie,PAR19,"Cryptococcose, pneumocystose, microsporidioses",⬜,,non indiquée,"non indiquée (Parasito : élevée, déclarée)",,,,,,,,
Parasitologie,PAR20,Dermatophytes – dermatophyties,⬜,,non indiquée,"non indiquée (Parasito : élevée, déclarée)",,,,,,,,
Parasitologie,PAR21,Aspergillus – aspergilloses,⬜,,non indiquée,"non indiquée (Parasito : élevée, déclarée)",,,,,,,,
Parasitologie,PAR22,"Mycétomes, sporotrichose",⬜,,non indiquée,"non indiquée (Parasito : élevée, déclarée)",,,,,,,,
Parasitologie,PAR23,"Histoplasmoses, blastomycoses, coccidioïdomycose, paracoccidioïdomycose",⬜,,non indiquée,"non indiquée (Parasito : élevée, déclarée)",,,,,,,,
Parasitologie,PAR24,"Mucormycoses, fusarioses, zygomycoses",⬜,,non indiquée,"non indiquée (Parasito : élevée, déclarée)",,,,,,,,
Parasitologie,PAR25,"SIDA et parasitoses, SIDA et mycoses",⬜,,non indiquée,"non indiquée (Parasito : élevée, déclarée)",,,,,,,,
Pharmacologie,PHA01,Introduction à la pharmacologie,⬜,,non indiquée,non indiquée,,,,,,,,
Pharmacologie,PHA02,ADME,⬜,,non indiquée,non indiquée,,,,,,,,
Pharmacologie,PHA03,Pharmacocinétique,⬜,,non indiquée,non indiquée,,,,,,,,
Pharmacologie,PHA04,Pharmacodynamie,⬜,,non indiquée,non indiquée,,,,,,,,
Pharmacologie,PHA05,Toxicologie générale,⬜,,non indiquée,non indiquée,,,,,,,,
Pharmacologie,PHA06,Effets secondaires et médicaments,⬜,,non indiquée,non indiquée,,,,,,,,
Pharmacologie,PHA07,Pharmacovigilance,⬜,,non indiquée,non indiquée,,,,,,,,
Pharmacologie,PHA08,Présentation du SNA,⬜,,non indiquée,non indiquée,,,,,,,,
Pharmacologie,PHA09,Sympathomimétiques,⬜,,non indiquée,non indiquée,,,,,,,,
Pharmacologie,PHA10,Sympatholytiques,⬜,,non indiquée,non indiquée,,,,,,,,
Pharmacologie,PHA11,Parasympathomimétiques,⬜,,non indiquée,non indiquée,,,,,,,,
Pharmacologie,PHA12,Parasympatholytiques,⬜,,non indiquée,non indiquée,,,,,,,,
Pharmacologie,PHA13,Myorelaxants,⬜,,non indiquée,non indiquée,,,,,,,,
Pharmacologie,PHA14,Introduction à l'étude des antibiotiques,⬜,,non indiquée,non indiquée,,,,,,,,
Pharmacologie,PHA15,Les antibiotiques,⬜,,non indiquée,non indiquée,,,,,,,,
Pharmacologie,PHA16,Les anti-inflammatoires non stéroïdiens,⬜,,non indiquée,non indiquée,,,,,,,,
Pharmacologie,PHA17,Les corticoïdes,⬜,,non indiquée,non indiquée,,,,,,,,
Pharmacologie,PHA18,Les antidiabétiques,⬜,,non indiquée,non indiquée,,,,,,,,
Pharmacologie,PHA19,Les antihistaminiques,⬜,,non indiquée,non indiquée,,,,,,,,
