Matiere,ID,Cours,Etat,Pages,Tombabilite_QCM_2019_2025,Part_UEI1_%,Priorite,Semaine_C1_prevue,Date_C1,Date_C2,Date_C3,Date_C4,Flashcards,QCM_score_%,Difficulte_1a3,Maitrise_1a3,Prochaine_revision
Sémiologie,SEM01,Introduction à la sémiologie médicale + anamnèse,Vu (hôpital),,non indiquée,,n.i. → P2 par défaut,S1,,,,,,,,,
Sémiologie,SEM02,Sémiologie pondérale,Non commencé,,43 (commun 02+03),4.8,P2,S1,,,,,,,,,
Sémiologie,SEM03,Fièvre,Non commencé,,43 (commun 02+03),4.8,P2,S1,,,,,,,,,
Sémiologie,SEM04,Topographie du thorax,Non commencé,,non indiquée,,n.i. → P2 par défaut,S1 (tampon) / S2,,,,,,,,,
Sémiologie,SEM05,"SF respiratoires I : dyspnée, douleurs thoraciques",Non commencé,,46 (commun 05+06),5.1,P2,S2,,,,,,,,,
Sémiologie,SEM06,"SF respiratoires II : toux, expectoration, vomique, hémoptysie, troubles de la voix",Non commencé,,46 (commun 05+06),5.1,P2,S2,,,,,,,,,
Sémiologie,SEM07,Examen physique de l'appareil respiratoire I,Non commencé,,27 (commun 07+08),3.0,P3,S3,,,,,,,,,
Sémiologie,SEM08,Examen physique de l'appareil respiratoire II,Non commencé,,27 (commun 07+08),3.0,P3,S3,,,,,,,,,
Sémiologie,SEM09,Explorations respiratoires,Non commencé,,22,2.5,P2,S3,,,,,,,,,
Sémiologie,SEM10,Étude synthétique de l'appareil respiratoire,Non commencé,,73,8.2,P1,S4,,,,,,,,,
Sémiologie,SEM11,Hémodynamique intracardiaque,Non commencé,,non indiquée,,n.i. → P2 par défaut,S4,,,,,,,,,
Sémiologie,SEM12,"SF cardiaques I : dyspnée, précordialgies",Non commencé,,36 (commun 12+13),4.0,P3,S5,,,,,,,,,
Sémiologie,SEM13,"SF cardiaques II : palpitations, syncopes, lipothymies",Non commencé,,36 (commun 12+13),4.0,P3,S5,,,,,,,,,
Sémiologie,SEM14,"Signes physiques cardiaques I : palpation, inspection",Non commencé,,48 (commun 14+15),5.4,P2,S6,,,,,,,,,
Sémiologie,SEM15,"Signes physiques cardiaques II : percussion, auscultation",Non commencé,,48 (commun 14+15),5.4,P2,S6,,,,,,,,,
Sémiologie,SEM16,Sémiologie artérielle et veineuse,Non commencé,,39,4.4,P1,S7,,,,,,,,,
Sémiologie,SEM17,Exploration cardiaque,Non commencé,,2,0.2,P4,S7,,,,,,,,,
Sémiologie,SEM18,Étude synthétique de l'appareil cardio-vasculaire,Non commencé,,37,4.1,P1,S8,,,,,,,,,
Physiopathologie,PHY01,Choc hypovolémique,Vu (hôpital),,13,1.5,P3,S1,,,,,,,,,
Physiopathologie,PHY02,Choc cardiogénique,Non commencé,,22,2.5,P2,S1,,,,,,,,,
Physiopathologie,PHY03,Insuffisance cardiaque aiguë,Non commencé,,18,2.0,P3,S2,,,,,,,,,
Physiopathologie,PHY04,Choc anaphylactique,Non commencé,,20,2.2,P2,S3,,,,,,,,,
Physiopathologie,PHY05,Choc septique,Non commencé,,23,2.6,P2,S4,,,,,,,,,
Physiopathologie,PHY06,Thermorégulation,Non commencé,,18,2.0,P3,S4,,,,,,,,,
Physiopathologie,PHY07,Troubles hydro-sodés,Non commencé,,36,4.0,P1,S5,,,,,,,,,
Physiopathologie,PHY08,Hypertension artérielle,Non commencé,,17,1.9,P3,S6,,,,,,,,,
Physiopathologie,PHY09,Maladie thromboembolique,Non commencé,,18,2.0,P3,S7,,,,,,,,,
Radiologie,RAD01,"Tube à rayons X, formation de l'image radiologique",Non commencé,,19,2.1,P3,S2,,,,,,,,,
Radiologie,RAD02,Initiation à l'imagerie en coupe : TDM et IRM,Non commencé,,15,1.7,P3,S3,,,,,,,,,
Radiologie,RAD03,Échographie,Non commencé,,15,1.7,P3,S4,,,,,,,,,
Radiologie,RAD04,Exploration du cœur et des gros vaisseaux,Non commencé,,3,0.3,P4,S4,,,,,,,,,
Radiologie,RAD05,Techniques d'examens radiologiques du thorax,Non commencé,,26,2.9,P2,S5,,,,,,,,,
Radiologie,RAD06,Anatomie lobaire et segmentaire,Non commencé,,15,1.7,P3,S6,,,,,,,,,
Radiologie,RAD07,Signe du bronchogramme aérique,Non commencé,,12,1.3,P3,S7,,,,,,,,,
Radiologie,RAD08,Signe de la silhouette,Non commencé,,21,2.3,P2,S7,,,,,,,,,
Radiologie,RAD09,Atélectasie lobaire et segmentaire,Non commencé,,19,2.1,P3,S8,,,,,,,,,
Radiologie,RAD10,Pathologie pleurale et extra-pleurale,Non commencé,,8,0.9,P4,S8,,,,,,,,,
Biochimie,BIO01,Biochimie de l'homme sain,Non commencé,,13,1.5,P3,S1,,,,,,,,,
Biochimie,BIO02,Biomarqueurs cardiaques,Non commencé,,24,2.7,P2,S2,,,,,,,,,
Biochimie,BIO03,L'acte biochimique et pièges d'interprétation,Non commencé,,9,1.0,P4,S3,,,,,,,,,
Biochimie,BIO04,Dyslipidémies et athérosclérose,Non commencé,,35,3.9,P1,S5,,,,,,,,,
Biochimie,BIO05,Stress oxydant,Non commencé,,21,2.3,P2,S6,,,,,,,,,
Biochimie,BIO06,Liquides d'épanchement,Non commencé,,13,1.5,P3,S8,,,,,,,,,
Psychologie,PSY01,"Aspects communicationnels de la rencontre avec le malade et sa famille, examen mental",Non commencé,,24,2.7,P2,S1,,,,,,,,,
Psychologie,PSY02,Problèmes particuliers de l'entrevue,Non commencé,,11,1.2,P3,S2,,,,,,,,,
Psychologie,PSY03,Stress et maladies psychosomatiques,Non commencé,,7,0.8,P4,S3,,,,,,,,,
Psychologie,PSY04,Fonctionnement de la personnalité,Non commencé,,11,1.2,P3,S5,,,,,,,,,
Psychologie,PSY05,Psychologie de la prescription,Non commencé,,4,0.4,P4,S6,,,,,,,,,
Psychologie,PSY06,Psychologie de la douleur,Non commencé,,7,0.8,P4,S6,,,,,,,,,
Psychologie,PSY07,L'annonce d'une maladie grave,Non commencé,,4,0.4,P4,S7,,,,,,,,,
