Cours,ID,Matière,Thème intégré,Semaine C1,Priorité,Tombabilité (QCM 2019-25),Note tombabilité,Part UEI1 (%),Charge C1 prévue,Pages,Difficulté,État,Vu à l'hôpital,C1,C2,C3,C4,Flashcards,QCM (%),Maîtrise,Date C1,Prochaine révision,Recouchage P1 (C3),Recouchage P2 (C4),Notes
SEM01 · Introduction à la sémiologie médicale + anamnèse,SEM01,Sémiologie,Rencontre avec le patient,S1,P2,,non indiquée dans les sources → P2 par défaut,,1 bloc,,,🟡 Vu (non étudié),Yes,No,No,No,No,À créer,,,2026-10-02,2026-10-06,2026-11-28,2026-12-05,Hypothèse : cours vu = n°01 (à confirmer)
SEM02 · Sémiologie pondérale,SEM02,Sémiologie,"Volume, eau & sodium",S1,P2,43,chiffre commun 02+03,4.8,1 bloc,,,⬜ Non commencé,No,No,No,No,No,À créer,,,2026-10-03,2026-10-04,2026-11-28,2026-12-05,
SEM03 · Fièvre,SEM03,Sémiologie,Fièvre & infection,S1,P2,43,chiffre commun 02+03,4.8,1 bloc,,,⬜ Non commencé,No,No,No,No,No,À créer,,,2026-10-04,2026-10-06,2026-11-28,2026-12-05,
SEM04 · Topographie du thorax,SEM04,Sémiologie,Respiratoire clinique,S2,P2,,non indiquée dans les sources → P2 par défaut,,1 bloc,,,⬜ Non commencé,No,No,No,No,No,À créer,,,,,2026-11-28,2026-12-05,
"SEM05 · SF respiratoires I : dyspnée, douleurs thoraciques",SEM05,Sémiologie,Respiratoire clinique,S2,P2,46,chiffre commun 05+06,5.1,1 bloc,,,⬜ Non commencé,No,No,No,No,No,À créer,,,,,2026-11-28,2026-12-05,
"SEM06 · SF respiratoires II : toux, expectoration, vomique, hémoptysie, troubles de la voix",SEM06,Sémiologie,Respiratoire clinique,S2,P2,46,chiffre commun 05+06,5.1,1 bloc,,,⬜ Non commencé,No,No,No,No,No,À créer,,,,,2026-11-28,2026-12-05,
SEM07 · Examen physique de l'appareil respiratoire I,SEM07,Sémiologie,Respiratoire clinique,S3,P3,27,chiffre commun 07+08,3.0,1 bloc,,,⬜ Non commencé,No,No,No,No,No,À créer,,,,,2026-11-28,2026-12-05,
SEM08 · Examen physique de l'appareil respiratoire II,SEM08,Sémiologie,Respiratoire clinique,S3,P3,27,chiffre commun 07+08,3.0,1 bloc,,,⬜ Non commencé,No,No,No,No,No,À créer,,,,,2026-11-28,2026-12-05,
SEM09 · Explorations respiratoires,SEM09,Sémiologie,Respiratoire clinique,S3,P2,22,,2.5,1 bloc,,,⬜ Non commencé,No,No,No,No,No,À créer,,,,,2026-11-28,2026-12-05,
SEM10 · Étude synthétique de l'appareil respiratoire,SEM10,Sémiologie,Respiratoire clinique,S4,P1,73,,8.2,2 blocs (synthèse),,,⬜ Non commencé,No,No,No,No,No,À créer,,,,,2026-11-29,2026-12-05,
SEM11 · Hémodynamique intracardiaque,SEM11,Sémiologie,Chocs & cœur aigu,S4,P2,,non indiquée dans les sources → P2 par défaut,,1 bloc,,,⬜ Non commencé,No,No,No,No,No,À créer,,,,,2026-12-02,2026-12-06,
"SEM12 · SF cardiaques I : dyspnée, précordialgies",SEM12,Sémiologie,Cœur clinique,S5,P3,36,chiffre commun 12+13,4.0,1 bloc,,,⬜ Non commencé,No,No,No,No,No,À créer,,,,,2026-12-02,2026-12-06,
"SEM13 · SF cardiaques II : palpitations, syncopes, lipothymies",SEM13,Sémiologie,Cœur clinique,S5,P3,36,chiffre commun 12+13,4.0,1 bloc,,,⬜ Non commencé,No,No,No,No,No,À créer,,,,,2026-12-02,2026-12-06,
"SEM14 · Signes physiques cardiaques I : palpation, inspection",SEM14,Sémiologie,Cœur clinique,S6,P2,48,chiffre commun 14+15,5.4,1 bloc,,,⬜ Non commencé,No,No,No,No,No,À créer,,,,,2026-12-02,2026-12-06,
"SEM15 · Signes physiques cardiaques II : percussion, auscultation",SEM15,Sémiologie,Cœur clinique,S6,P2,48,chiffre commun 14+15,5.4,1 bloc,,,⬜ Non commencé,No,No,No,No,No,À créer,,,,,2026-12-02,2026-12-06,
SEM16 · Sémiologie artérielle et veineuse,SEM16,Sémiologie,Vaisseaux & athérosclérose,S7,P1,39,,4.4,"1,5–2 blocs",,,⬜ Non commencé,No,No,No,No,No,À créer,,,,,2026-12-03,2026-12-06,
SEM17 · Exploration cardiaque,SEM17,Sémiologie,Cœur clinique,S7,P4,2,,0.2,½ bloc (C1 ciblée),,,⬜ Non commencé,No,No,No,No,No,À créer,,,,,2026-12-03,2026-12-06,
SEM18 · Étude synthétique de l'appareil cardio-vasculaire,SEM18,Sémiologie,Cœur clinique,S8,P1,37,,4.1,2 blocs (synthèse),,,⬜ Non commencé,No,No,No,No,No,À créer,,,,,2026-12-03,2026-12-06,
PHY01 · Choc hypovolémique,PHY01,Physiopathologie,"Volume, eau & sodium",S1,P3,13,,1.5,1 bloc,,,🟡 Vu (non étudié),Yes,No,No,No,No,À créer,,,2026-10-03,2026-10-05,2026-11-26,2026-12-07,Hypothèse : cours vu = n°01 (à confirmer)
PHY02 · Choc cardiogénique,PHY02,Physiopathologie,Chocs & cœur aigu,S1,P2,22,,2.5,1 bloc,,,⬜ Non commencé,No,No,No,No,No,À créer,,,2026-10-03,2026-10-05,2026-11-26,2026-12-07,
PHY03 · Insuffisance cardiaque aiguë,PHY03,Physiopathologie,Chocs & cœur aigu,S2,P3,18,,2.0,1 bloc,,,⬜ Non commencé,No,No,No,No,No,À créer,,,,,2026-11-26,2026-12-07,
PHY04 · Choc anaphylactique,PHY04,Physiopathologie,Chocs & cœur aigu,S3,P2,20,,2.2,1 bloc,,,⬜ Non commencé,No,No,No,No,No,À créer,,,,,2026-11-26,2026-12-07,
PHY05 · Choc septique,PHY05,Physiopathologie,Fièvre & infection,S4,P2,23,,2.6,1 bloc,,,⬜ Non commencé,No,No,No,No,No,À créer,,,,,2026-11-26,2026-12-07,
PHY06 · Thermorégulation,PHY06,Physiopathologie,Fièvre & infection,S4,P3,18,,2.0,1 bloc,,,⬜ Non commencé,No,No,No,No,No,À créer,,,,,2026-11-30,2026-12-07,
PHY07 · Troubles hydro-sodés,PHY07,Physiopathologie,"Volume, eau & sodium",S5,P1,36,,4.0,"1,5–2 blocs",,,⬜ Non commencé,No,No,No,No,No,À créer,,,,,2026-11-30,2026-12-07,
PHY08 · Hypertension artérielle,PHY08,Physiopathologie,Vaisseaux & athérosclérose,S6,P3,17,,1.9,1 bloc,,,⬜ Non commencé,No,No,No,No,No,À créer,,,,,2026-11-30,2026-12-07,
PHY09 · Maladie thromboembolique,PHY09,Physiopathologie,Vaisseaux & athérosclérose,S7,P3,18,,2.0,1 bloc,,,⬜ Non commencé,No,No,No,No,No,À créer,,,,,2026-11-30,2026-12-07,
"RAD01 · Tube à rayons X, formation de l'image radiologique",RAD01,Radiologie,Imagerie : bases & techniques,S2,P3,19,,2.1,1 bloc,,,⬜ Non commencé,No,No,No,No,No,À créer,,,,,2026-12-01,2026-12-08,
RAD02 · Initiation à l'imagerie en coupe : TDM et IRM,RAD02,Radiologie,Imagerie : bases & techniques,S3,P3,15,,1.7,1 bloc,,,⬜ Non commencé,No,No,No,No,No,À créer,,,,,2026-12-01,2026-12-08,
RAD03 · Échographie,RAD03,Radiologie,Imagerie : bases & techniques,S4,P3,15,,1.7,1 bloc,,,⬜ Non commencé,No,No,No,No,No,À créer,,,,,2026-12-01,2026-12-08,
RAD04 · Exploration du cœur et des gros vaisseaux,RAD04,Radiologie,Imagerie : bases & techniques,S4,P4,3,,0.3,½ bloc (C1 ciblée),,,⬜ Non commencé,No,No,No,No,No,À créer,,,,,2026-12-01,2026-12-08,
RAD05 · Techniques d'examens radiologiques du thorax,RAD05,Radiologie,Imagerie : bases & techniques,S5,P2,26,,2.9,1 bloc,,,⬜ Non commencé,No,No,No,No,No,À créer,,,,,2026-11-29,2026-12-08,
RAD06 · Anatomie lobaire et segmentaire,RAD06,Radiologie,"Thorax : imagerie, plèvre & épanchements",S6,P3,15,,1.7,1 bloc,,,⬜ Non commencé,No,No,No,No,No,À créer,,,,,2026-11-29,2026-12-08,
RAD07 · Signe du bronchogramme aérique,RAD07,Radiologie,"Thorax : imagerie, plèvre & épanchements",S7,P3,12,,1.3,1 bloc,,,⬜ Non commencé,No,No,No,No,No,À créer,,,,,2026-11-29,2026-12-08,
RAD08 · Signe de la silhouette,RAD08,Radiologie,"Thorax : imagerie, plèvre & épanchements",S7,P2,21,,2.3,1 bloc,,,⬜ Non commencé,No,No,No,No,No,À créer,,,,,2026-11-29,2026-12-08,
RAD09 · Atélectasie lobaire et segmentaire,RAD09,Radiologie,"Thorax : imagerie, plèvre & épanchements",S8,P3,19,,2.1,1 bloc,,,⬜ Non commencé,No,No,No,No,No,À créer,,,,,2026-12-03,2026-12-08,
RAD10 · Pathologie pleurale et extra-pleurale,RAD10,Radiologie,"Thorax : imagerie, plèvre & épanchements",S8,P4,8,,0.9,½ bloc (C1 ciblée),,,⬜ Non commencé,No,No,No,No,No,À créer,,,,,2026-12-03,2026-12-08,
BIO01 · Biochimie de l'homme sain,BIO01,Biochimie,"Volume, eau & sodium",S1,P3,13,,1.5,1 bloc,,,⬜ Non commencé,No,No,No,No,No,À créer,,,2026-10-05,2026-10-07,2026-11-27,2026-12-08,
BIO02 · Biomarqueurs cardiaques,BIO02,Biochimie,Chocs & cœur aigu,S2,P2,24,,2.7,1 bloc,,,⬜ Non commencé,No,No,No,No,No,À créer,,,,,2026-11-27,2026-12-08,
BIO03 · L'acte biochimique et pièges d'interprétation,BIO03,Biochimie,Biologie : interprétation,S3,P4,9,,1.0,½ bloc (C1 ciblée),,,⬜ Non commencé,No,No,No,No,No,À créer,,,,,2026-11-27,2026-12-08,
BIO04 · Dyslipidémies et athérosclérose,BIO04,Biochimie,Vaisseaux & athérosclérose,S5,P1,35,,3.9,"1,5–2 blocs",,,⬜ Non commencé,No,No,No,No,No,À créer,,,,,2026-12-01,2026-12-08,
BIO05 · Stress oxydant,BIO05,Biochimie,Vaisseaux & athérosclérose,S6,P2,21,,2.3,1 bloc,,,⬜ Non commencé,No,No,No,No,No,À créer,,,,,2026-12-01,2026-12-08,
BIO06 · Liquides d'épanchement,BIO06,Biochimie,"Thorax : imagerie, plèvre & épanchements",S8,P3,13,,1.5,1 bloc,,,⬜ Non commencé,No,No,No,No,No,À créer,,,,,2026-12-01,2026-12-08,
"PSY01 · Aspects communicationnels de la rencontre avec le malade et sa famille, examen mental",PSY01,Psychologie,Rencontre avec le patient,S1,P2,24,,2.7,1 bloc,,,⬜ Non commencé,No,No,No,No,No,À créer,,,2026-10-06,2026-10-09,2026-11-27,2026-12-04,
PSY02 · Problèmes particuliers de l'entrevue,PSY02,Psychologie,Rencontre avec le patient,S2,P3,11,,1.2,1 bloc,,,⬜ Non commencé,No,No,No,No,No,À créer,,,,,2026-11-27,2026-12-04,
PSY03 · Stress et maladies psychosomatiques,PSY03,Psychologie,Rencontre avec le patient,S3,P4,7,,0.8,½ bloc (C1 ciblée),,,⬜ Non commencé,No,No,No,No,No,À créer,,,,,2026-11-27,2026-12-04,
PSY04 · Fonctionnement de la personnalité,PSY04,Psychologie,Rencontre avec le patient,S5,P3,11,,1.2,1 bloc,,,⬜ Non commencé,No,No,No,No,No,À créer,,,,,2026-11-27,2026-12-04,
PSY05 · Psychologie de la prescription,PSY05,Psychologie,Prescription & douleur,S6,P4,4,,0.4,½ bloc (C1 ciblée),,,⬜ Non commencé,No,No,No,No,No,À créer,,,,,2026-11-27,2026-12-04,
PSY06 · Psychologie de la douleur,PSY06,Psychologie,Prescription & douleur,S6,P4,7,,0.8,½ bloc (C1 ciblée),,,⬜ Non commencé,No,No,No,No,No,À créer,,,,,2026-11-27,2026-12-04,
PSY07 · L'annonce d'une maladie grave,PSY07,Psychologie,Rencontre avec le patient,S7,P4,4,,0.4,½ bloc (C1 ciblée),,,⬜ Non commencé,No,No,No,No,No,À créer,,,,,2026-11-27,2026-12-04,
