Cours,ID,Module,Partie,N° fiche,Thème,Ordre thématique,Semaine prévue,Lien avec l'unité,Tombabilité,Difficulté,État,Vu en amphi,C1,C2,C3,C4,Flashcards,QCM (%),Maîtrise,Date C1,Prochaine révision,C1 prévue,C2 prévue,C3 prévue,C4 prévue,Notes
PHA01 · Introduction à la pharmacologie,PHA01,Pharmacologie,Fondements,1,T01 · Fondations pharmaco,1,S3,Prérequis de toute la pharmaco,non indiquée dans les sources,,⬜ Non commencé,No,No,No,No,No,À créer,,,,2026-10-23,2026-10-19,2026-10-23,2027-01-28,2027-02-14,
PHA02 · ADME,PHA02,Pharmacologie,Fondements,2,T01 · Fondations pharmaco,2,S4,Prérequis de toute la pharmaco,non indiquée dans les sources,,⬜ Non commencé,No,No,No,No,No,À créer,,,,2026-11-01,2026-10-26,2026-11-01,2027-01-28,2027-02-14,
PHA03 · Pharmacocinétique,PHA03,Pharmacologie,Fondements,3,T01 · Fondations pharmaco,3,S5,Prérequis de toute la pharmaco,non indiquée dans les sources,,⬜ Non commencé,No,No,No,No,No,À créer,,,,2026-11-08,2026-11-02,2026-11-08,2027-01-28,2027-02-14,
PHA04 · Pharmacodynamie,PHA04,Pharmacologie,Fondements,4,T01 · Fondations pharmaco,4,S6,Prérequis de toute la pharmaco,non indiquée dans les sources,,⬜ Non commencé,No,No,No,No,No,À créer,,,,2026-11-13,2026-11-09,2026-11-13,2027-01-28,2027-02-14,
BAC01 · Introduction au monde microbien,BAC01,Microbiologie,Bactériologie,1,T02 · Bases bactériennes,5,S3,Prépare les antibiotiques (T08),non indiquée dans les sources,,⬜ Non commencé,No,No,No,No,No,À créer,,,,2026-10-21,2026-10-17,2026-10-21,2027-01-30,2027-02-12,1er cours présenté en amphi de Micro (tu n'y étais pas) → début de la file Micro
BAC02 · Structure bactérienne,BAC02,Microbiologie,Bactériologie,2,T02 · Bases bactériennes,6,S4,Prépare les antibiotiques (T08),non indiquée dans les sources,,⬜ Non commencé,No,No,No,No,No,À créer,,,,2026-10-31,2026-10-24,2026-10-31,2027-01-30,2027-02-12,
BAC05 · Physiologie bactérienne,BAC05,Microbiologie,Bactériologie,5,T02 · Bases bactériennes,7,S5,Prépare les antibiotiques (T08),non indiquée dans les sources,,⬜ Non commencé,No,No,No,No,No,À créer,,,,2026-11-07,2026-10-31,2026-11-07,2027-01-30,2027-02-12,
BAC06 · Génétique bactérienne,BAC06,Microbiologie,Bactériologie,6,T02 · Bases bactériennes,8,S6,Prépare les antibiotiques (T08),non indiquée dans les sources,,⬜ Non commencé,No,No,No,No,No,À créer,,,,2026-11-11,2026-11-07,2026-11-11,2027-01-30,2027-02-12,
PAR01 · Introduction à la parasitologie,PAR01,Parasitologie,Général,1,T03 · Hôte ↔ microbes,9,S4,PHY05 Choc septique · SEM03 Fièvre,non indiquée dans les sources,Élevée (déclarée),⬜ Non commencé,No,No,No,No,No,À créer,,,,2026-10-31,2026-10-27,2026-10-31,2027-01-28,2027-02-16,
BAC03 · Microbiote humain,BAC03,Microbiologie,Bactériologie,3,T03 · Hôte ↔ microbes,10,S7 (sam 14/11),PHY05 Choc septique · SEM03 Fièvre,non indiquée dans les sources,,⬜ Non commencé,No,No,No,No,No,À créer,,,,2026-12-12,2026-11-14,2026-12-12,2027-01-28,2027-02-12,
BAC04 · Manifestation du conflit hôte–bactérie,BAC04,Microbiologie,Bactériologie,4,T03 · Hôte ↔ microbes,11,12/12,PHY05 Choc septique · SEM03 Fièvre,non indiquée dans les sources,,⬜ Non commencé,No,No,No,No,No,À créer,,,,2026-12-15,2026-12-12,2026-12-15,2027-01-28,2027-02-12,
"PAR02 · Amibes, amoebose, amibes libres",PAR02,Parasitologie,Protozoaires,2,T04 · Protozoaires intestinaux,12,S5,—,non indiquée dans les sources,Élevée (déclarée),⬜ Non commencé,No,No,No,No,No,À créer,,,,2026-11-06,2026-11-03,2026-11-06,2027-01-29,2027-02-16,
"PAR03 · Flagellés intestinaux et urogénitaux, ciliés",PAR03,Parasitologie,Protozoaires,3,T04 · Protozoaires intestinaux,13,S6,—,non indiquée dans les sources,Élevée (déclarée),⬜ Non commencé,No,No,No,No,No,À créer,,,,2026-11-13,2026-11-10,2026-11-13,2027-01-29,2027-02-16,
"PAR04 · Cryptosporidiose, isosporose, sarcocystose, cyclosporose, blastocytose",PAR04,Parasitologie,Protozoaires,4,T04 · Protozoaires intestinaux,14,S7 (dim 15/11),—,non indiquée dans les sources,Élevée (déclarée),⬜ Non commencé,No,No,No,No,No,À créer,,,,2026-12-12,2026-11-15,2026-12-12,2027-01-29,2027-02-16,
PHA08 · Présentation du SNA,PHA08,Pharmacologie,Système nerveux,8,T05 · SNA I — cœur & vaisseaux,15,13/12,PHY02–05 Chocs · PHY04 Anaphylaxie (adrénaline) · PHY08 HTA,non indiquée dans les sources,,⬜ Non commencé,No,No,No,No,No,À créer,,,,2026-12-16,2026-12-13,2026-12-16,2027-01-31,2027-02-14,
PHA09 · Sympathomimétiques,PHA09,Pharmacologie,Système nerveux,9,T05 · SNA I — cœur & vaisseaux,16,13/12,PHY02–05 Chocs · PHY04 Anaphylaxie (adrénaline) · PHY08 HTA,non indiquée dans les sources,,⬜ Non commencé,No,No,No,No,No,À créer,,,,2026-12-16,2026-12-13,2026-12-16,2027-01-31,2027-02-14,
PHA10 · Sympatholytiques,PHA10,Pharmacologie,Système nerveux,10,T05 · SNA I — cœur & vaisseaux,17,S11,PHY02–05 Chocs · PHY04 Anaphylaxie (adrénaline) · PHY08 HTA,non indiquée dans les sources,,⬜ Non commencé,No,No,No,No,No,À créer,,,,2026-12-18,2026-12-14,2026-12-18,2027-01-31,2027-02-14,
"VIR01 · Virus : définition, structure et classification",VIR01,Microbiologie,Virologie,1,T06 · Virus : bases,18,S11,SEM03 Fièvre · PHY05,non indiquée dans les sources,,⬜ Non commencé,No,No,No,No,No,À créer,,,,2026-12-18,2026-12-14,2026-12-18,2027-02-01,2027-02-12,
VIR02 · Multiplication des virus dans l'organisme,VIR02,Microbiologie,Virologie,2,T06 · Virus : bases,19,S11,SEM03 Fièvre · PHY05,non indiquée dans les sources,,⬜ Non commencé,No,No,No,No,No,À créer,,,,2026-12-18,2026-12-15,2026-12-18,2027-02-01,2027-02-12,
VIR03 · Physiopathologie des infections virales,VIR03,Microbiologie,Virologie,3,T06 · Virus : bases,20,S11,SEM03 Fièvre · PHY05,non indiquée dans les sources,,⬜ Non commencé,No,No,No,No,No,À créer,,,,2026-12-18,2026-12-15,2026-12-18,2027-02-01,2027-02-12,
PAR07 · Plasmodiums – paludisme,PAR07,Parasitologie,Protozoaires,7,T07 · Fièvre & paludisme,21,S11,SEM03 Fièvre · PHY06 Thermorégulation (S4),non indiquée dans les sources,Élevée (déclarée),⬜ Non commencé,No,No,No,No,No,À créer,,,,2026-12-18,2026-12-16,2026-12-18,2027-01-30,2027-02-16,
BAC07 · Les antibiotiques : classification,BAC07,Microbiologie,Bactériologie,7,T08 · Antibiotiques (Micro + Pharma),22,S12,PHY05 Choc septique,non indiquée dans les sources,,⬜ Non commencé,No,No,No,No,No,À créer,,,,2026-12-22,2026-12-19,2026-12-22,2027-02-03,2027-02-13,
PHA14 · Introduction à l'étude des antibiotiques,PHA14,Pharmacologie,Classes thérapeutiques,14,T08 · Antibiotiques (Micro + Pharma),23,S12,PHY05 Choc septique,non indiquée dans les sources,,⬜ Non commencé,No,No,No,No,No,À créer,,,,2026-12-22,2026-12-19,2026-12-22,2027-02-03,2027-02-15,
PHA15 · Les antibiotiques,PHA15,Pharmacologie,Classes thérapeutiques,15,T08 · Antibiotiques (Micro + Pharma),24,S12,PHY05 Choc septique,non indiquée dans les sources,,⬜ Non commencé,No,No,No,No,No,À créer,,,,2026-12-23,2026-12-20,2026-12-23,2027-02-03,2027-02-15,
BAC08 · Les antibiotiques : résistance,BAC08,Microbiologie,Bactériologie,8,T08 · Antibiotiques (Micro + Pharma),25,S12,PHY05 Choc septique,non indiquée dans les sources,,⬜ Non commencé,No,No,No,No,No,À créer,,,,2026-12-25,2026-12-21,2026-12-25,2027-02-03,2027-02-13,
BAC09 · Rôle du laboratoire dans le suivi du traitement antibiotique,BAC09,Microbiologie,Bactériologie,9,T08 · Antibiotiques (Micro + Pharma),26,S12,PHY05 Choc septique,non indiquée dans les sources,,⬜ Non commencé,No,No,No,No,No,À créer,,,,2026-12-25,2026-12-22,2026-12-25,2027-02-03,2027-02-13,
PHA05 · Toxicologie générale,PHA05,Pharmacologie,Toxicologie & vigilance,5,T09 · Toxicité & vigilance,27,S12,PSY05 Psychologie de la prescription,non indiquée dans les sources,,⬜ Non commencé,No,No,No,No,No,À créer,,,,2026-12-26,2026-12-23,2026-12-26,2027-02-04,2027-02-14,
PHA06 · Effets secondaires et médicaments,PHA06,Pharmacologie,Toxicologie & vigilance,6,T09 · Toxicité & vigilance,28,S13,PSY05 Psychologie de la prescription,non indiquée dans les sources,,⬜ Non commencé,No,No,No,No,No,À créer,,,,2026-12-29,2026-12-26,2026-12-29,2027-02-04,2027-02-14,
PHA07 · Pharmacovigilance,PHA07,Pharmacologie,Toxicologie & vigilance,7,T09 · Toxicité & vigilance,29,S13,PSY05 Psychologie de la prescription,non indiquée dans les sources,,⬜ Non commencé,No,No,No,No,No,À créer,,,,2026-12-29,2026-12-26,2026-12-29,2027-02-04,2027-02-14,
BAC15 · Cocci à Gram (+) et Gram (–),BAC15,Microbiologie,Bactériologie,15,T10 · Peau & muqueuses,30,S13,UEI 2 (cutané),non indiquée dans les sources,,⬜ Non commencé,No,No,No,No,No,À créer,,,,2026-12-30,2026-12-27,2026-12-30,2027-02-01,2027-02-13,
VIR04 · Virus à ADN (I) : herpesviridae,VIR04,Microbiologie,Virologie,4,T10 · Peau & muqueuses,31,S13,UEI 2 (cutané),non indiquée dans les sources,,⬜ Non commencé,No,No,No,No,No,À créer,,,,2027-01-01,2026-12-28,2027-01-01,2027-02-01,2027-02-12,
PAR17 · Introduction à la mycologie,PAR17,Parasitologie,Mycologie,17,T10 · Peau & muqueuses,32,S13,UEI 2 (cutané),non indiquée dans les sources,Élevée (déclarée),⬜ Non commencé,No,No,No,No,No,À créer,,,,2027-01-01,2026-12-29,2027-01-01,2027-02-01,2027-02-17,
"PAR18 · Candida – candidoses, malasseziose",PAR18,Parasitologie,Mycologie,18,T10 · Peau & muqueuses,33,S13,UEI 2 (cutané),non indiquée dans les sources,Élevée (déclarée),⬜ Non commencé,No,No,No,No,No,À créer,,,,2027-01-01,2026-12-30,2027-01-01,2027-02-01,2027-02-17,
PAR20 · Dermatophytes – dermatophyties,PAR20,Parasitologie,Mycologie,20,T10 · Peau & muqueuses,34,S14,UEI 2 (cutané),non indiquée dans les sources,Élevée (déclarée),⬜ Non commencé,No,No,No,No,No,À créer,,,,2027-01-04,2027-01-02,2027-01-04,2027-02-01,2027-02-17,
"PAR22 · Mycétomes, sporotrichose",PAR22,Parasitologie,Mycologie,22,T10 · Peau & muqueuses,35,S14,UEI 2 (cutané),non indiquée dans les sources,Élevée (déclarée),⬜ Non commencé,No,No,No,No,No,À créer,,,,2027-01-04,2027-01-02,2027-01-04,2027-02-01,2027-02-17,
"VIR05 · Virus à ADN (II) : adénovirus, papillomavirus, hepadnavirus",VIR05,Microbiologie,Virologie,5,T10 · Peau & muqueuses,36,S14,UEI 2 (cutané),non indiquée dans les sources,,⬜ Non commencé,No,No,No,No,No,À créer,,,,2027-01-06,2027-01-03,2027-01-06,2027-02-01,2027-02-12,
PHA11 · Parasympathomimétiques,PHA11,Pharmacologie,Système nerveux,11,T11 · SNA II — neuro & muscle,37,S14,"UEI 2 (neurologique, locomoteur)",non indiquée dans les sources,,⬜ Non commencé,No,No,No,No,No,À créer,,,,2027-01-08,2027-01-04,2027-01-08,2027-02-05,2027-02-14,
PHA12 · Parasympatholytiques,PHA12,Pharmacologie,Système nerveux,12,T11 · SNA II — neuro & muscle,38,S14,"UEI 2 (neurologique, locomoteur)",non indiquée dans les sources,,⬜ Non commencé,No,No,No,No,No,À créer,,,,2027-01-08,2027-01-05,2027-01-08,2027-02-05,2027-02-14,
PHA13 · Myorelaxants,PHA13,Pharmacologie,Système nerveux,13,T11 · SNA II — neuro & muscle,39,S14,"UEI 2 (neurologique, locomoteur)",non indiquée dans les sources,,⬜ Non commencé,No,No,No,No,No,À créer,,,,2027-01-09,2027-01-06,2027-01-09,2027-02-05,2027-02-14,
PAR16 · Notion d'entomologie médicale,PAR16,Parasitologie,Entomologie,16,T12 · Vecteurs & protozoaires sanguins/tissulaires,40,S15,"UEI 2 (neuro : toxo, trypano · cutané : leishmaniose) · rappel PAR07",non indiquée dans les sources,Élevée (déclarée),⬜ Non commencé,No,No,No,No,No,À créer,,,,2027-01-11,2027-01-09,2027-01-11,2027-02-02,2027-02-16,
PAR05 · Flagellés sanguicoles et tissulaires I : leishmanies et leishmanioses,PAR05,Parasitologie,Protozoaires,5,T12 · Vecteurs & protozoaires sanguins/tissulaires,41,S15,"UEI 2 (neuro : toxo, trypano · cutané : leishmaniose) · rappel PAR07",non indiquée dans les sources,Élevée (déclarée),⬜ Non commencé,No,No,No,No,No,À créer,,,,2027-01-11,2027-01-09,2027-01-11,2027-02-02,2027-02-16,
PAR06 · Flagellés sanguicoles et tissulaires II : trypanosomes – trypanosomoses,PAR06,Parasitologie,Protozoaires,6,T12 · Vecteurs & protozoaires sanguins/tissulaires,42,S15,"UEI 2 (neuro : toxo, trypano · cutané : leishmaniose) · rappel PAR07",non indiquée dans les sources,Élevée (déclarée),⬜ Non commencé,No,No,No,No,No,À créer,,,,2027-01-12,2027-01-10,2027-01-12,2027-02-02,2027-02-16,
PAR08 · Toxoplasme – toxoplasmose,PAR08,Parasitologie,Protozoaires,8,T12 · Vecteurs & protozoaires sanguins/tissulaires,43,S15,"UEI 2 (neuro : toxo, trypano · cutané : leishmaniose) · rappel PAR07",non indiquée dans les sources,Élevée (déclarée),⬜ Non commencé,No,No,No,No,No,À créer,,,,2027-01-13,2027-01-11,2027-01-13,2027-02-02,2027-02-16,
"VIR08 · Virus à ARN (III) : orthomyxoviridae, paramyxoviridae",VIR08,Microbiologie,Virologie,8,T13 · Virus respiratoires & éruptifs,44,S15,UEI 1 respiratoire · UEI 2 cutané,non indiquée dans les sources,,⬜ Non commencé,No,No,No,No,No,À créer,,,,2027-01-15,2027-01-12,2027-01-15,2027-02-07,2027-02-12,
PHA16 · Les anti-inflammatoires non stéroïdiens,PHA16,Pharmacologie,Classes thérapeutiques,16,"T14 · Inflammation, allergie & hormones",45,S15,PHY04 Anaphylaxie · PSY06 Douleur · UEI 2 locomoteur,non indiquée dans les sources,,⬜ Non commencé,No,No,No,No,No,À créer,,,,2027-01-16,2027-01-13,2027-01-16,2027-02-08,2027-02-15,
PHA17 · Les corticoïdes,PHA17,Pharmacologie,Classes thérapeutiques,17,"T14 · Inflammation, allergie & hormones",46,S16,PHY04 Anaphylaxie · PSY06 Douleur · UEI 2 locomoteur,non indiquée dans les sources,,⬜ Non commencé,No,No,No,No,No,À créer,,,,2027-01-19,2027-01-16,2027-01-19,2027-02-08,2027-02-15,
PHA18 · Les antidiabétiques,PHA18,Pharmacologie,Classes thérapeutiques,18,"T14 · Inflammation, allergie & hormones",47,S16,PHY04 Anaphylaxie · PSY06 Douleur · UEI 2 locomoteur,non indiquée dans les sources,,⬜ Non commencé,No,No,No,No,No,À créer,,,,2027-01-19,2027-01-16,2027-01-19,2027-02-08,2027-02-15,
PHA19 · Les antihistaminiques,PHA19,Pharmacologie,Classes thérapeutiques,19,"T14 · Inflammation, allergie & hormones",48,S16,PHY04 Anaphylaxie · PSY06 Douleur · UEI 2 locomoteur,non indiquée dans les sources,,⬜ Non commencé,No,No,No,No,No,À créer,,,,2027-01-20,2027-01-17,2027-01-20,2027-02-08,2027-02-15,
"PAR09 · Généralités sur les helminthes, cestodes adultes",PAR09,Parasitologie,Helminthes,9,T15 · Plathelminthes (cestodes & trématodes),49,S16,UEI 1 thorax (kyste hydatique) · UEI 2 neuro (cysticercose),non indiquée dans les sources,Élevée (déclarée),⬜ Non commencé,No,No,No,No,No,À créer,,,,2027-01-20,2027-01-18,2027-01-20,2027-02-03,2027-02-17,
PAR10 · Cestodes à l'état larvaire,PAR10,Parasitologie,Helminthes,10,T15 · Plathelminthes (cestodes & trématodes),50,S16,UEI 1 thorax (kyste hydatique) · UEI 2 neuro (cysticercose),non indiquée dans les sources,Élevée (déclarée),⬜ Non commencé,No,No,No,No,No,À créer,,,,2027-01-22,2027-01-19,2027-01-22,2027-02-03,2027-02-17,
PAR11 · Douves – distomatoses,PAR11,Parasitologie,Helminthes,11,T15 · Plathelminthes (cestodes & trématodes),51,S16,UEI 1 thorax (kyste hydatique) · UEI 2 neuro (cysticercose),non indiquée dans les sources,Élevée (déclarée),⬜ Non commencé,No,No,No,No,No,À créer,,,,2027-01-22,2027-01-20,2027-01-22,2027-02-03,2027-02-17,
PAR12 · Schistosomes – schistosomoses,PAR12,Parasitologie,Helminthes,12,T15 · Plathelminthes (cestodes & trématodes),52,S17,UEI 1 thorax (kyste hydatique) · UEI 2 neuro (cysticercose),non indiquée dans les sources,Élevée (déclarée),⬜ Non commencé,No,No,No,No,No,À créer,,,,2027-01-25,2027-01-23,2027-01-25,2027-02-03,2027-02-17,
"BAC16 · Bacilles à Gram (–) I : entérobactéries, Pseudomonas, vibrionaceae",BAC16,Microbiologie,Bactériologie,16,T16 · Bactéries pathogènes (agents),53,S17,"UEI 1 respiratoire (mycobactéries, légionelles) · UEI 2 neuro (Listeria, anaérobies)",non indiquée dans les sources,,⬜ Non commencé,No,No,No,No,No,À créer,,,,2027-01-26,2027-01-23,2027-01-26,2027-02-09,2027-02-13,
"BAC17 · Bacilles à Gram (–) II : Haemophilus, Bordetella, Brucella, Campylobacter, Helicobacter, légionelles",BAC17,Microbiologie,Bactériologie,17,T16 · Bactéries pathogènes (agents),54,S17,"UEI 1 respiratoire (mycobactéries, légionelles) · UEI 2 neuro (Listeria, anaérobies)",non indiquée dans les sources,,⬜ Non commencé,No,No,No,No,No,À créer,,,,2027-01-27,2027-01-24,2027-01-27,2027-02-09,2027-02-13,
"BAC18 · Bacilles à Gram (+) : Listeria, Corynebacterium, Bacillus, mycobactéries",BAC18,Microbiologie,Bactériologie,18,T16 · Bactéries pathogènes (agents),55,S17,"UEI 1 respiratoire (mycobactéries, légionelles) · UEI 2 neuro (Listeria, anaérobies)",non indiquée dans les sources,,⬜ Non commencé,No,No,No,No,No,À créer,,,,2027-01-29,2027-01-25,2027-01-29,2027-02-09,2027-02-13,
BAC11 · Les bactéries anaérobies,BAC11,Microbiologie,Bactériologie,11,T16 · Bactéries pathogènes (agents),56,S17,"UEI 1 respiratoire (mycobactéries, légionelles) · UEI 2 neuro (Listeria, anaérobies)",non indiquée dans les sources,,⬜ Non commencé,No,No,No,No,No,À créer,,,,2027-01-29,2027-01-26,2027-01-29,2027-02-09,2027-02-13,
PAR13 · Nématodes à transmission per-os,PAR13,Parasitologie,Helminthes,13,T17 · Nématodes,57,S17,"UEI 2 cutané (larva migrans, onchocercose)",non indiquée dans les sources,Élevée (déclarée),⬜ Non commencé,No,No,No,No,No,À créer,,,,2027-01-29,2027-01-27,2027-01-29,2027-02-05,2027-02-17,
PAR14 · Nématodes à transmission transcutanée,PAR14,Parasitologie,Helminthes,14,T17 · Nématodes,58,S18,"UEI 2 cutané (larva migrans, onchocercose)",non indiquée dans les sources,Élevée (déclarée),⬜ Non commencé,No,No,No,No,No,À créer,,,,2027-02-01,2027-01-30,2027-02-01,2027-02-05,2027-02-17,
PAR15 · Filaires – filarioses,PAR15,Parasitologie,Helminthes,15,T17 · Nématodes,59,S18,"UEI 2 cutané (larva migrans, onchocercose)",non indiquée dans les sources,Élevée (déclarée),⬜ Non commencé,No,No,No,No,No,À créer,,,,2027-02-01,2027-01-30,2027-02-01,2027-02-05,2027-02-17,
"VIR06 · Virus à ARN (I) : virus des hépatites C, A, D et E",VIR06,Microbiologie,Virologie,6,T18 · Virus à ARN & hépatites,60,S18,UEI 4 digestif (plus tard) · T21,non indiquée dans les sources,,⬜ Non commencé,No,No,No,No,No,À créer,,,,2027-02-03,2027-01-31,2027-02-03,2027-02-09,2027-02-12,
"VIR07 · Virus à ARN (II) : picornaviridae, rétroviridae",VIR07,Microbiologie,Virologie,7,T18 · Virus à ARN & hépatites,61,S18,UEI 4 digestif (plus tard) · T21,non indiquée dans les sources,,⬜ Non commencé,No,No,No,No,No,À créer,,,,2027-02-05,2027-02-01,2027-02-05,2027-02-09,2027-02-12,
"PAR19 · Cryptococcose, pneumocystose, microsporidioses",PAR19,Parasitologie,Mycologie,19,T19 · Mycoses profondes,62,⚠️ Sans créneau,"UEI 1 respiratoire (pneumocystose, aspergillose)",non indiquée dans les sources,Élevée (déclarée),⬜ Non commencé,No,No,No,No,No,À créer,,,,,,,2027-02-06,2027-02-17,
PAR21 · Aspergillus – aspergilloses,PAR21,Parasitologie,Mycologie,21,T19 · Mycoses profondes,63,⚠️ Sans créneau,"UEI 1 respiratoire (pneumocystose, aspergillose)",non indiquée dans les sources,Élevée (déclarée),⬜ Non commencé,No,No,No,No,No,À créer,,,,,,,2027-02-06,2027-02-17,
"PAR23 · Histoplasmoses, blastomycoses, coccidioïdomycose, paracoccidioïdomycose",PAR23,Parasitologie,Mycologie,23,T19 · Mycoses profondes,64,⚠️ Sans créneau,"UEI 1 respiratoire (pneumocystose, aspergillose)",non indiquée dans les sources,Élevée (déclarée),⬜ Non commencé,No,No,No,No,No,À créer,,,,,,,2027-02-06,2027-02-17,
"PAR24 · Mucormycoses, fusarioses, zygomycoses",PAR24,Parasitologie,Mycologie,24,T19 · Mycoses profondes,65,⚠️ Sans créneau,"UEI 1 respiratoire (pneumocystose, aspergillose)",non indiquée dans les sources,Élevée (déclarée),⬜ Non commencé,No,No,No,No,No,À créer,,,,,,,2027-02-06,2027-02-17,
"BAC10 · Antiseptiques, désinfectants et stérilisation",BAC10,Microbiologie,Bactériologie,10,"T20 · Prévention, hygiène & diagnostic",66,Ven S12,BIO03 Pièges · BIO06 Liquides d'épanchement,non indiquée dans les sources,,⬜ Non commencé,No,No,No,No,No,À créer,,,,2026-12-21,2026-12-18,2026-12-21,2027-02-10,2027-02-13,
BAC12 · Les vaccins bactériens,BAC12,Microbiologie,Bactériologie,12,"T20 · Prévention, hygiène & diagnostic",67,Ven S13,BIO03 Pièges · BIO06 Liquides d'épanchement,non indiquée dans les sources,,⬜ Non commencé,No,No,No,No,No,À créer,,,,2026-12-28,2026-12-25,2026-12-28,2027-02-10,2027-02-13,
BAC13 · Hygiène hospitalière,BAC13,Microbiologie,Bactériologie,13,"T20 · Prévention, hygiène & diagnostic",68,Ven S14,BIO03 Pièges · BIO06 Liquides d'épanchement,non indiquée dans les sources,,⬜ Non commencé,No,No,No,No,No,À créer,,,,2027-01-04,2027-01-01,2027-01-04,2027-02-10,2027-02-13,
BAC14 · Biosécurité et biosûreté dans un laboratoire de microbiologie,BAC14,Microbiologie,Bactériologie,14,"T20 · Prévention, hygiène & diagnostic",69,Ven S15,BIO03 Pièges · BIO06 Liquides d'épanchement,non indiquée dans les sources,,⬜ Non commencé,No,No,No,No,No,À créer,,,,2027-01-11,2027-01-08,2027-01-11,2027-02-10,2027-02-13,
VIR10 · Traitement et prévention des infections virales,VIR10,Microbiologie,Virologie,10,"T20 · Prévention, hygiène & diagnostic",70,Ven S16,BIO03 Pièges · BIO06 Liquides d'épanchement,non indiquée dans les sources,,⬜ Non commencé,No,No,No,No,No,À créer,,,,2027-01-18,2027-01-15,2027-01-18,2027-02-10,2027-02-12,
BAC19 · Diagnostic bactériologique,BAC19,Microbiologie,Bactériologie,19,"T20 · Prévention, hygiène & diagnostic",71,Ven S17,BIO03 Pièges · BIO06 Liquides d'épanchement,non indiquée dans les sources,,⬜ Non commencé,No,No,No,No,No,À créer,,,,2027-01-25,2027-01-22,2027-01-25,2027-02-10,2027-02-13,
VIR09 · Diagnostic virologique,VIR09,Microbiologie,Virologie,9,"T20 · Prévention, hygiène & diagnostic",72,⚠️ Sans créneau,BIO03 Pièges · BIO06 Liquides d'épanchement,non indiquée dans les sources,,⬜ Non commencé,No,No,No,No,No,À créer,,,,,,,2027-02-10,2027-02-12,
"PAR25 · SIDA et parasitoses, SIDA et mycoses",PAR25,Parasitologie,Général,25,T21 · Immunodéprimé (synthèse),73,⚠️ Sans créneau,"Rappels VIR07, PAR04, PAR08, PAR18, PAR19",non indiquée dans les sources,Élevée (déclarée),⬜ Non commencé,No,No,No,No,No,À créer,,,,,,,2027-02-07,2027-02-17,
