Thème,Code,Cours,Modules,Fenêtre,Nb cours,Lien avec l'unité,Objectif,Méthode / tableau à produire,Statut
Fondations pharmaco,T01,PHA01 Introduction à la pharmacologie · PHA02 ADME · PHA03 Pharmacocinétique · PHA04 Pharmacodynamie,Pharmacologie,S3 / S4 / S5 / S6,4,Prérequis de toute la pharmaco,"Expliquer ADME, PK et PD avec 1 schéma chacun",Schéma ADME + courbe concentration/temps + tableau agoniste/antagoniste,⬜ À faire
Bases bactériennes,T02,BAC01 Introduction au monde microbien · BAC02 Structure bactérienne · BAC05 Physiologie bactérienne · BAC06 Génétique bactérienne,Microbiologie,S3 / S4 / S5 / S6,4,Prépare les antibiotiques (T08),Relier structure ↔ Gram ↔ cibles des antibiotiques,"Tableau Gram+ / Gram− (paroi, coloration, exemples)",⬜ À faire
Hôte ↔ microbes,T03,PAR01 Introduction à la parasitologie · BAC03 Microbiote humain · BAC04 Manifestation du conflit hôte–bactérie,Microbiologie + Parasitologie,S4 / S7 (sam 14/11) / 12/12,3,PHY05 Choc septique · SEM03 Fièvre,Comprendre colonisation → infection → réponse de l'hôte,Schéma « microbiote → conflit → sepsis »,⬜ À faire
Protozoaires intestinaux,T04,"PAR02 Amibes, amoebose, amibes libres · PAR03 Flagellés intestinaux et urogénitaux, ciliés · PAR04 Cryptosporidiose, isosporose, sarcocystose, cyclosporose, blastocytose",Parasitologie,S5 / S6 / S7 (dim 15/11),3,—,Distinguer amibes / flagellés / coccidies,Tableau comparatif Para (agent · transmission · cycle · clinique · diagnostic · traitement),⬜ À faire
SNA I — cœur & vaisseaux,T05,PHA08 Présentation du SNA · PHA09 Sympathomimétiques · PHA10 Sympatholytiques,Pharmacologie,13/12 / S11,3,PHY02–05 Chocs · PHY04 Anaphylaxie (adrénaline) · PHY08 HTA,Savoir quels récepteurs agissent sur cœur et vaisseaux,Tableau récepteurs α/β → effets → médicaments,⬜ À faire
Virus : bases,T06,"VIR01 Virus : définition, structure et classification · VIR02 Multiplication des virus dans l'organisme · VIR03 Physiopathologie des infections virales",Microbiologie,S11,3,SEM03 Fièvre · PHY05,Structure → multiplication → physiopathologie,Schéma du cycle viral,⬜ À faire
Fièvre & paludisme,T07,PAR07 Plasmodiums – paludisme,Parasitologie,S11,1,SEM03 Fièvre · PHY06 Thermorégulation (S4),Cycle du Plasmodium + accès palustre,Schéma du cycle + tableau des espèces,⬜ À faire
Antibiotiques (Micro + Pharma),T08,BAC07 Les antibiotiques : classification · PHA14 Introduction à l'étude des antibiotiques · PHA15 Les antibiotiques · BAC08 Les antibiotiques : résistance · BAC09 Rôle du laboratoire dans le suivi du traitement antibiotique,Microbiologie + Pharmacologie,S12,5,PHY05 Choc septique,Classe → mécanisme → spectre → résistance → suivi,UN SEUL tableau commun Micro + Pharma,⬜ À faire
Toxicité & vigilance,T09,PHA05 Toxicologie générale · PHA06 Effets secondaires et médicaments · PHA07 Pharmacovigilance,Pharmacologie,S12 / S13,3,PSY05 Psychologie de la prescription,Toxicité → effets indésirables → déclaration,Arbre « effet indésirable → que faire »,⬜ À faire
Peau & muqueuses,T10,"BAC15 Cocci à Gram (+) et Gram (–) · VIR04 Virus à ADN (I) : herpesviridae · PAR17 Introduction à la mycologie · PAR18 Candida – candidoses, malasseziose · PAR20 Dermatophytes – dermatophyties · PAR22 Mycétomes, sporotrichose · VIR05 Virus à ADN (II) : adénovirus, papillomavirus, hepadnavirus",Microbiologie + Parasitologie,S13 / S14,7,UEI 2 (cutané),Agents des infections cutanéo-muqueuses,Tableau « lésion → agents possibles → diagnostic »,⬜ À faire
SNA II — neuro & muscle,T11,PHA11 Parasympathomimétiques · PHA12 Parasympatholytiques · PHA13 Myorelaxants,Pharmacologie,S14,3,"UEI 2 (neurologique, locomoteur)",Système parasympathique + jonction neuromusculaire,Tableau muscarinique/nicotinique → effets → médicaments,⬜ À faire
Vecteurs & protozoaires sanguins/tissulaires,T12,PAR16 Notion d'entomologie médicale · PAR05 Flagellés sanguicoles et tissulaires I : leishmanies et leishmanioses · PAR06 Flagellés sanguicoles et tissulaires II : trypanosomes – trypanosomoses · PAR08 Toxoplasme – toxoplasmose,Parasitologie,S15,4,"UEI 2 (neuro : toxo, trypano · cutané : leishmaniose) · rappel PAR07",Vecteur → parasite → maladie,Tableau vecteur/parasite (avec PAR07),⬜ À faire
Virus respiratoires & éruptifs,T13,"VIR08 Virus à ARN (III) : orthomyxoviridae, paramyxoviridae",Microbiologie,S15,1,UEI 1 respiratoire · UEI 2 cutané,"Grippe, rougeole, oreillons…",Tableau virus → clinique → prévention,⬜ À faire
"Inflammation, allergie & hormones",T14,PHA16 Les anti-inflammatoires non stéroïdiens · PHA17 Les corticoïdes · PHA18 Les antidiabétiques · PHA19 Les antihistaminiques,Pharmacologie,S15 / S16,4,PHY04 Anaphylaxie · PSY06 Douleur · UEI 2 locomoteur,"Mécanismes, indications, effets indésirables",Tableau AINS vs corticoïdes + antihistaminiques,⬜ À faire
Plathelminthes (cestodes & trématodes),T15,"PAR09 Généralités sur les helminthes, cestodes adultes · PAR10 Cestodes à l'état larvaire · PAR11 Douves – distomatoses · PAR12 Schistosomes – schistosomoses",Parasitologie,S16 / S17,4,UEI 1 thorax (kyste hydatique) · UEI 2 neuro (cysticercose),Cestodes adultes vs larvaires · douves vs schistosomes,Tableau comparatif des plathelminthes,⬜ À faire
Bactéries pathogènes (agents),T16,"BAC16 Bacilles à Gram (–) I : entérobactéries, Pseudomonas, vibrionaceae · BAC17 Bacilles à Gram (–) II : Haemophilus, Bordetella, Brucella, Campylobacter, Helicobacter, légionelles · BAC18 Bacilles à Gram (+) : Listeria, Corynebacterium, Bacillus, mycobactéries · BAC11 Les bactéries anaérobies",Microbiologie,S17,4,"UEI 1 respiratoire (mycobactéries, légionelles) · UEI 2 neuro (Listeria, anaérobies)",Agent → pouvoir pathogène → diagnostic → traitement,Fiche par famille bactérienne,⬜ À faire
Nématodes,T17,PAR13 Nématodes à transmission per-os · PAR14 Nématodes à transmission transcutanée · PAR15 Filaires – filarioses,Parasitologie,S17 / S18,3,"UEI 2 cutané (larva migrans, onchocercose)",Per-os vs transcutanés vs filaires,Tableau comparatif des nématodes,⬜ À faire
Virus à ARN & hépatites,T18,"VIR06 Virus à ARN (I) : virus des hépatites C, A, D et E · VIR07 Virus à ARN (II) : picornaviridae, rétroviridae",Microbiologie,S18,2,UEI 4 digestif (plus tard) · T21,"Hépatites, entérovirus, VIH",Tableau des hépatites A–E,⬜ À faire
Mycoses profondes,T19,"PAR19 Cryptococcose, pneumocystose, microsporidioses · PAR21 Aspergillus – aspergilloses · PAR23 Histoplasmoses, blastomycoses, coccidioïdomycose, paracoccidioïdomycose · PAR24 Mucormycoses, fusarioses, zygomycoses",Parasitologie,⚠️ Sans créneau,4,"UEI 1 respiratoire (pneumocystose, aspergillose)","Levures vs filamenteux, terrain, diagnostic",Tableau des mycoses profondes,⬜ À faire
"Prévention, hygiène & diagnostic",T20,"BAC10 Antiseptiques, désinfectants et stérilisation · BAC12 Les vaccins bactériens · BAC13 Hygiène hospitalière · BAC14 Biosécurité et biosûreté dans un laboratoire de microbiologie · VIR10 Traitement et prévention des infections virales · BAC19 Diagnostic bactériologique · VIR09 Diagnostic virologique",Microbiologie,Ven S12 / Ven S13 / Ven S14 / Ven S15 / Ven S16 / Ven S17 / ⚠️ Sans créneau,7,BIO03 Pièges · BIO06 Liquides d'épanchement,Cours conceptuels → vendredis (jour faible),Fiche « du prélèvement au résultat »,⬜ À faire
Immunodéprimé (synthèse),T21,"PAR25 SIDA et parasitoses, SIDA et mycoses",Parasitologie,⚠️ Sans créneau,1,"Rappels VIR07, PAR04, PAR08, PAR18, PAR19",Synthèse des infections opportunistes,Tableau « déficit → agents »,⬜ À faire
