Semaine,Dates,Phase,Mode,Objectif principal,Unité — nb nouveaux,Unité — cours prévus,Modules — nb nouveaux,Modules — cours prévus,Révisions clés,Nouveaux faits,C2 faites,C3 faites,Flashcards (jours /7),QCM moyen (%),🔥 ouverts,Stage cette semaine,Repos pris,Énergie (1-3),Bilan & décision
S1,02/10 → 08/10,A · Lancement,Semestre,Lancer Cardio : 7 cours (dont 3 vus/légers) + PHA01,7,SEM01 · SEM02 · SEM03 · PHY01 · PHY02 · BIO01 · PSY01 · (SEM04 si tampon libre),1,PHA01,C2 de tous les cours de la semaine,,,,,,,No,No,,
S2,09/10 → 15/10,B · Montée,Semestre,Se synchroniser : 3 sémio · semaine la plus chargée (soupape : PSY02 → S3),7,SEM04 · SEM05 · SEM06 · PHY03 · RAD01 · BIO02 · PSY02,3,PHA02 · BAC01 · PAR01,"C3 PHY02, SEM01, SEM02",,,,,,,No,No,,
S3,16/10 → 22/10,B · Montée,Semestre,1 cours d'avance en sémio,7,SEM07 · SEM08 · SEM09 · PHY04 · RAD02 · BIO03 · PSY03,3,PHA03 · BAC02 · PAR02,C3 des cours de S1,,,,,,,No,No,,
S4,23/10 → 29/10,C · Croisière + avance,Semestre,"SEM10 (P1, 73) en 2 blocs · thème Infection & température",6,SEM10 · SEM11 · PHY05 · PHY06 · RAD03 · RAD04,4,PHA04 · BAC05 · BAC06 · PAR03,C3 des cours de S2,,,,,,,No,No,,
S5,30/10 → 05/11,C · Croisière + avance,Semestre,Dim 01/11 férié = jour fort → BIO04 (P1),6,SEM12 · SEM13 · PHY07 · RAD05 · BIO04 · PSY04,4,BAC03 · BAC04 · PAR04 · PHA08,C3 des cours de S3,,,,,,,No,No,,
S6,06/11 → 12/11,C · Croisière + avance,Semestre,Examen physique du cœur · HTA,7,SEM14 · SEM15 · PHY08 · RAD06 · BIO05 · PSY05 · PSY06,3,PHA09 · VIR01 · PAR07,C3 des cours de S4,,,,,,,No,No,,
S7,13/11 → 19/11,C' · Arrêt des modules mi-S7,Cardio seul dès lun 16/11,Modules jusqu'au dim 15/11 puis STOP · temps libéré → C3 anticipées,6,SEM16 · SEM17 · PHY09 · RAD07 · RAD08 · PSY07,2,PHA10 (dim 15/11) · VIR02 (sam 14/11),C3 des cours de S5 + rattrapage C3,,,,,,,No,No,,
S8,20/11 → 26/11,C' · Fin des C1 + C3,Cardio seul,Dernières C1 avant mer 25/11 · jeu 26/11 = J-14 : début du recouchage,4,SEM18 · RAD09 · RAD10 · BIO06,0,—,C3 S6–S7,,,,,,,No,No,,
S9,27/11 → 03/12,D · Recouchage passage 1 (C3),Cardio seul,Repasser TOUTE l'unité en C3 + 6 cas cliniques,0,—,0,—,Voir base Recouchage J-14,,,,,,,No,No,,
S10,04/12 → 09/12 · EXAMEN jeu 10/12,E · Recouchage passage 2 (C4),Cardio seul,C4 complète + passage éclair P1 · examen jeu 10/12,0,—,0,—,Voir base Recouchage J-14,,,,,,,No,No,,
S11,11/12 → 17/12,Repos + sprint modules + début UEI2 (lun 14/12),Mini-vacances puis semestre,"Ven 11/12 repos · 12–13/12 VIR03, BAC07, PHA14 · bloc Antibiotiques",?,UEI2 : liste des cours non fournie,6,VIR03 (12/12) · BAC07 (13/12) · PHA14 (13/12) · PHA15 · BAC08 · BAC09,C2 modules du sprint,,,,,,,No,No,,
S12,18/12 → 24/12,UEI2 + modules,Semestre,Toxicité & vigilance · Peau & muqueuses,?,UEI2 : liste des cours non fournie,7,PHA05 · PHA06 · PHA07 · BAC15 · VIR04 · PAR17 · BAC10 (vendredi),C2/C3 modules (Para d'abord),,,,,,,No,No,,
S13,25/12 → 31/12,UEI2 + modules,Semestre,Peau (mycoses) · SNA II,?,UEI2 : liste des cours non fournie,7,PAR18 · PAR20 · PAR22 · VIR05 · PHA11 · PHA12 · BAC12 (vendredi),C2/C3 modules,,,,,,,No,No,,
S14,01/01 → 07/01 (01/01 férié),UEI2 + modules,Semestre,Vecteurs & protozoaires sanguins · myorelaxants,?,UEI2 : liste des cours non fournie,7,PHA13 · PAR16 · PAR05 · PAR06 · PAR08 · VIR08 · BAC13 (vendredi),C2/C3 modules,,,,,,,No,No,,
S15,08/01 → 14/01 (12/01 férié),UEI2 + modules,Semestre,Inflammation & hormones · cestodes · Pharmaco terminée,?,UEI2 : liste des cours non fournie,7,PHA16 · PHA17 · PHA18 · PHA19 · PAR09 · PAR10 · BAC14 (vendredi),C3 Pharma,,,,,,,No,No,,
S16,15/01 → 21/01,UEI2 + modules,Semestre,Trématodes · nématodes · bactéries agents,?,UEI2 : liste des cours non fournie,7,PAR11 · PAR12 · BAC16 · BAC17 · BAC18 · PAR13 · VIR10 (vendredi),C3 Micro bases,,,,,,,No,No,,
S17,22/01 → 28/01,UEI2 + modules · J-14 UEI2 jeu 28/01,Semestre,Fin des C1 modules prévues (sauf liste S18),?,UEI2 : liste des cours non fournie,7,PAR14 · PAR15 · VIR06 · VIR07 · PAR19 · PAR21 · BAC19 (vendredi),C3 Para protozoaires,,,,,,,No,No,,
S18,29/01 → 04/02,Recouchage UEI2 + modules 1 bloc/j,Pré-examen,C1 rapides restantes (5 cours) puis C3 modules,0,—,5,BAC11 · PAR23 · PAR24 · VIR09 · PAR25,C3 Para / Micro,,,,,,,No,No,,
S19,05/02 → 11/02 · EXAMEN UEI2 jeu 11/02,Révision UEI2 + modules 1 bloc/j,Pré-examen,C4 UEI2 · modules C3 courtes,0,—,0,—,C3 modules,,,,,,,No,No,,
Examens modules,12/02 → 18/02,C4 modules,Examens,Micro dim 14/02 · Pharma mar 16/02 · Para jeu 18/02,0,—,0,—,Voir trackers modules,,,,,,,No,No,,
