Jour,Date,J-,Type de jour,Passage,Contenu,Cours,Objectif,Charge,Fait
Jeu 26/11,2026-11-26,J-14,SOIR,Passage 1 · C3,Physiopathologie : les chocs,PHY01–PHY05,Restituer les 4 chocs en 1 tableau comparatif,Normale,No
Ven 27/11,2026-11-27,J-13,FAIBLE (matin repos),Passage 1 · C3,Psychologie complète + Biochimie (bases),PSY01–07 · BIO01–03,"C3 rapide, P4 en flashcards",Légère,No
Sam 28/11,2026-11-28,J-12,FORT,Passage 1 · C3,Sémiologie respiratoire,SEM01–SEM09,Page blanche par cours + QCM,Élevée,No
Dim 29/11,2026-11-29,J-11,SOIR,Passage 1 · C3,Synthèse respiratoire + imagerie thoracique,SEM10 · RAD05–RAD08,SEM10 = 73 QCM : priorité absolue,Normale,No
Lun 30/11,2026-11-30,J-10,SOIR,Passage 1 · C3,Physiopathologie (suite),PHY06–PHY09,PHY07 (P1) en premier,Normale,No
Mar 01/12,2026-12-01,J-9,SOIR,Passage 1 · C3,Biochimie + imagerie (techniques),BIO04–06 · RAD01–RAD04,BIO04 (P1) en premier,Normale,No
Mer 02/12,2026-12-02,J-8,SOIR,Passage 1 · C3,Sémiologie cardiaque,SEM11–SEM15,SP cardiaques (48) + SF cardiaques (36),Normale,No
Jeu 03/12,2026-12-03,J-7,INTENSE (pas de repos),Passage 1 · C3,Fin du passage 1 + cas cliniques,SEM16–18 · RAD09–10 · 6 cas cliniques (25 QCS),Plus aucun cours nouveau,Élevée,No
Ven 04/12,2026-12-04,J-6,INTENSE (pas de repos),Passage 2 · C4,Psychologie + tous les P4 (flash) + 1er bloc de QCM mixtes,PSY01–07 · SEM17 · RAD04 · RAD10 · BIO03,Flash + QCM,Élevée,No
Sam 05/12,2026-12-05,J-5,FORT (journée),Passage 2 · C4,Sémiologie respiratoire,SEM01–SEM10,QCM chronométrés + carnet d'erreurs,Élevée,No
Dim 06/12,2026-12-06,J-4,FORT (journée),Passage 2 · C4,Sémiologie cardio-vasculaire + cas cliniques,SEM11–SEM18,"SEM14–15, 16, 18 en priorité",Élevée,No
Lun 07/12,2026-12-07,J-3,FORT (journée),Passage 2 · C4,Physiopathologie complète + cas cliniques,PHY01–PHY09,Mécanismes → signes,Normale,No
Mar 08/12,2026-12-08,J-2,FORT (journée),Passage 2 · C4,Radiologie + Biochimie,RAD01–10 · BIO01–06,"BIO04, RAD05, RAD08 en priorité",Normale,No
Mer 09/12,2026-12-09,J-1,INTENSE puis coucher tôt,Passage éclair,P1 + carnet d'erreurs + QCM mixtes chronométrés (matin) · après-midi : QCM ciblés sur tes erreurs · coucher tôt (le sommeil fait partie de la révision),SEM10 · SEM16 · SEM18 · PHY07 · BIO04,"Confiance, pas de nouveauté",Légère,No
Jeu 10/12,2026-12-10,J0,EXAMEN,—,EXAMEN UEI 1,—,—,—,No
